,BlockGroup,GraduationRate
0,530330001001,0.7068341376228774
1,530330001002,0.7068341376228774
2,530330001003,0.7068341376228774
3,530330001004,0.7068341376228774
4,530330001005,0.7068341376228774
5,530330002001,0.7068341376228774
6,530330002002,0.7068341376228774
7,530330002003,0.7068341376228774
8,530330002004,0.7068341376228774
9,530330002005,0.7068341376228774
10,530330002006,0.7068341376228774
11,530330003001,0.7068341376228774
12,530330003002,0.7068341376228774
13,530330004011,0.7068341376228774
14,530330004012,0.7068341376228774
15,530330004013,0.7068341376228774
16,530330004021,0.7068341376228774
17,530330004022,0.7068341376228774
18,530330004023,0.7068341376228774
19,530330004024,0.7068341376228774
20,530330005001,0.7068341376228774
21,530330005002,0.7068341376228774
22,530330005003,0.7068341376228774
23,530330006001,0.7068341376228774
24,530330006002,0.7068341376228774
25,530330006003,0.7068341376228774
26,530330006004,0.7068341376228774
27,530330006005,0.7068341376228774
28,530330006006,0.7068341376228774
29,530330007001,0.7068341376228774
30,530330007002,0.7068341376228774
31,530330007003,0.7068341376228774
32,530330007004,0.7068341376228774
33,530330008001,0.7068341376228774
34,530330008002,0.7068341376228774
35,530330009001,0.7068341376228774
36,530330009002,0.7068341376228774
37,530330010001,0.7068341376228774
38,530330010002,0.7068341376228774
39,530330011001,0.7068341376228774
40,530330011002,0.7068341376228774
41,530330012001,0.7068341376228774
42,530330012002,0.7068341376228774
43,530330012003,0.7068341376228774
44,530330012004,0.7068341376228774
45,530330012005,0.7068341376228774
46,530330013001,0.7068341376228774
47,530330013002,0.7068341376228774
48,530330013003,0.7068341376228774
49,530330014001,0.7068341376228774
50,530330014002,0.7068341376228774
51,530330014003,0.7068341376228774
52,530330014004,0.7068341376228774
53,530330015001,0.7068341376228774
54,530330015002,0.7068341376228774
55,530330016001,0.7068341376228774
56,530330016002,0.7068341376228774
57,530330016003,0.7068341376228774
58,530330017011,0.7068341376228774
59,530330017012,0.7068341376228774
60,530330017013,0.7068341376228774
61,530330017021,0.7068341376228774
62,530330017022,0.7068341376228774
63,530330017023,0.7068341376228774
64,530330017024,0.7068341376228774
65,530330018001,0.7068341376228774
66,530330018002,0.7068341376228774
67,530330018003,0.7068341376228774
68,530330019001,0.7068341376228774
69,530330019002,0.7068341376228774
70,530330019003,0.7068341376228774
71,530330020001,0.7068341376228774
72,530330020002,0.7068341376228774
73,530330020003,0.7068341376228774
74,530330021001,0.7068341376228774
75,530330021002,0.7068341376228774
76,530330021003,0.7068341376228774
77,530330022001,0.7068341376228774
78,530330022002,0.7068341376228774
79,530330022003,0.7068341376228774
80,530330022004,0.7068341376228774
81,530330024001,0.7068341376228774
82,530330024002,0.7068341376228774
83,530330024003,0.7068341376228774
84,530330025001,0.7068341376228774
85,530330025002,0.7068341376228774
86,530330026001,0.7068341376228774
87,530330026002,0.7068341376228774
88,530330026003,0.7068341376228774
89,530330026004,0.7068341376228774
90,530330027001,0.7068341376228774
91,530330027002,0.7068341376228774
92,530330027003,0.7068341376228774
93,530330027004,0.7068341376228774
94,530330028001,0.7068341376228774
95,530330028002,0.7068341376228774
96,530330028003,0.7068341376228774
97,530330028004,0.7068341376228774
98,530330029001,0.7068341376228774
99,530330029002,0.7068341376228774
100,530330029003,0.7068341376228774
101,530330030001,0.7068341376228774
102,530330030002,0.7068341376228774
103,530330030003,0.7068341376228774
104,530330030004,0.7068341376228774
105,530330031001,0.7068341376228774
106,530330031002,0.7068341376228774
107,530330031003,0.7068341376228774
108,530330031004,0.7068341376228774
109,530330031005,0.7068341376228774
110,530330032001,0.7068341376228774
111,530330032002,0.7068341376228774
112,530330032003,0.7068341376228774
113,530330032004,0.7068341376228774
114,530330032005,0.7068341376228774
115,530330032006,0.7068341376228774
116,530330032007,0.7068341376228774
117,530330033001,0.7068341376228774
118,530330033002,0.7068341376228774
119,530330033003,0.7068341376228774
120,530330033004,0.7068341376228774
121,530330033005,0.7068341376228774
122,530330034001,0.7068341376228774
123,530330034002,0.7068341376228774
124,530330034003,0.7068341376228774
125,530330035001,0.7068341376228774
126,530330035002,0.7068341376228774
127,530330035003,0.7068341376228774
128,530330036001,0.7068341376228774
129,530330036002,0.7068341376228774
130,530330036003,0.7068341376228774
131,530330036004,0.7068341376228774
132,530330038001,0.7068341376228774
133,530330038002,0.7068341376228774
134,530330039001,0.7068341376228774
135,530330039002,0.7068341376228774
136,530330040001,0.7068341376228774
137,530330040002,0.7068341376228774
138,530330041001,0.7068341376228774
139,530330041002,0.7068341376228774
140,530330041003,0.7068341376228774
141,530330041004,0.7068341376228774
142,530330041005,0.7068341376228774
143,530330041006,0.7068341376228774
144,530330042001,0.7068341376228774
145,530330042002,0.7068341376228774
146,530330042003,0.7068341376228774
147,530330042004,0.7068341376228774
148,530330042005,0.7068341376228774
149,530330043011,0.7068341376228774
150,530330043012,0.7068341376228774
151,530330043013,0.7068341376228774
152,530330043021,0.7068341376228774
153,530330043022,0.7068341376228774
154,530330044001,0.7068341376228774
155,530330044002,0.7068341376228774
156,530330044003,0.7068341376228774
157,530330044004,0.7068341376228774
158,530330045001,0.7068341376228774
159,530330045002,0.7068341376228774
160,530330046001,0.7068341376228774
161,530330046002,0.7068341376228774
162,530330046003,0.7068341376228774
163,530330047001,0.7068341376228774
164,530330047002,0.7068341376228774
165,530330047003,0.7068341376228774
166,530330047004,0.7068341376228774
167,530330048001,0.7068341376228774
168,530330048002,0.7068341376228774
169,530330048003,0.7068341376228774
170,530330048004,0.7068341376228774
171,530330049001,0.7068341376228774
172,530330049002,0.7068341376228774
173,530330049003,0.7068341376228774
174,530330049004,0.7068341376228774
175,530330049005,0.7068341376228774
176,530330050001,0.7068341376228774
177,530330050002,0.7068341376228774
178,530330050003,0.7068341376228774
179,530330051001,0.7068341376228774
180,530330051002,0.7068341376228774
181,530330051003,0.7068341376228774
182,530330052001,0.7068341376228774
183,530330052002,0.7068341376228774
184,530330052003,0.7068341376228774
185,530330052004,0.7068341376228774
186,530330052005,0.7068341376228774
187,530330053011,0.7068341376228774
188,530330053012,0.7068341376228774
189,530330053013,0.7068341376228774
190,530330053014,0.7068341376228774
191,530330053021,0.7068341376228774
192,530330053022,0.7068341376228774
193,530330053023,0.7068341376228774
194,530330054001,0.7068341376228774
195,530330054002,0.7068341376228774
196,530330054003,0.7068341376228774
197,530330054004,0.7068341376228774
198,530330056001,0.7068341376228774
199,530330056002,0.7068341376228774
200,530330056003,0.7068341376228774
201,530330056004,0.7068341376228774
202,530330056005,0.7068341376228774
203,530330057001,0.7068341376228774
204,530330057002,0.7068341376228774
205,530330057003,0.7068341376228774
206,530330057004,0.7068341376228774
207,530330057005,0.7068341376228774
208,530330057006,0.7068341376228774
209,530330058011,0.7068341376228774
210,530330058012,0.7068341376228774
211,530330058013,0.7068341376228774
212,530330058014,0.7068341376228774
213,530330058021,0.7068341376228774
214,530330058022,0.7068341376228774
215,530330058023,0.7068341376228774
216,530330059001,0.7068341376228774
217,530330059002,0.7068341376228774
218,530330059003,0.7068341376228774
219,530330059004,0.7068341376228774
220,530330059005,0.7068341376228774
221,530330060001,0.7068341376228774
222,530330060002,0.7068341376228774
223,530330060003,0.7068341376228774
224,530330060004,0.7068341376228774
225,530330061001,0.7068341376228774
226,530330061002,0.7068341376228774
227,530330061003,0.7068341376228774
228,530330061004,0.7068341376228774
229,530330062001,0.7068341376228774
230,530330062002,0.7068341376228774
231,530330062003,0.7068341376228774
232,530330063001,0.7068341376228774
233,530330063002,0.7068341376228774
234,530330063003,0.7068341376228774
235,530330063004,0.7068341376228774
236,530330064001,0.7068341376228774
237,530330064002,0.7068341376228774
238,530330064003,0.7068341376228774
239,530330065001,0.7068341376228774
240,530330065002,0.7068341376228774
241,530330065003,0.7068341376228774
242,530330066001,0.7068341376228774
243,530330066002,0.7068341376228774
244,530330067001,0.7068341376228774
245,530330067002,0.7068341376228774
246,530330067003,0.7068341376228774
247,530330067004,0.7068341376228774
248,530330068001,0.7068341376228774
249,530330068002,0.7068341376228774
250,530330069001,0.7068341376228774
251,530330069002,0.7068341376228774
252,530330069003,0.7068341376228774
253,530330069004,0.7068341376228774
254,530330070001,0.7068341376228774
255,530330070002,0.7068341376228774
256,530330070003,0.7068341376228774
257,530330070004,0.7068341376228774
258,530330070005,0.7068341376228774
259,530330070006,0.7068341376228774
260,530330071001,0.7068341376228774
261,530330071002,0.7068341376228774
262,530330072001,0.7068341376228774
263,530330072002,0.7068341376228774
264,530330072003,0.7068341376228774
265,530330073001,0.7068341376228774
266,530330073002,0.7068341376228774
267,530330073003,0.7068341376228774
268,530330074011,0.7068341376228774
269,530330074012,0.7068341376228774
270,530330074013,0.7068341376228774
271,530330074014,0.7068341376228774
272,530330074021,0.7068341376228774
273,530330074022,0.7068341376228774
274,530330074023,0.7068341376228774
275,530330075001,0.7068341376228774
276,530330075002,0.7068341376228774
277,530330075003,0.7068341376228774
278,530330075004,0.7068341376228774
279,530330075005,0.7068341376228774
280,530330076001,0.7068341376228774
281,530330076002,0.7068341376228774
282,530330076003,0.7068341376228774
283,530330077001,0.7068341376228774
284,530330077002,0.7068341376228774
285,530330077003,0.7068341376228774
286,530330077004,0.7068341376228774
287,530330078001,0.7068341376228774
288,530330078002,0.7068341376228774
289,530330078003,0.7068341376228774
290,530330078004,0.7068341376228774
291,530330079001,0.7068341376228774
292,530330079002,0.7068341376228774
293,530330079003,0.7068341376228774
294,530330079004,0.7068341376228774
295,530330079005,0.7068341376228774
296,530330080011,0.7068341376228774
297,530330080012,0.7068341376228774
298,530330080013,0.7068341376228774
299,530330080014,0.7068341376228774
300,530330080015,0.7068341376228774
301,530330080021,0.7068341376228774
302,530330080022,0.7068341376228774
303,530330081001,0.7068341376228774
304,530330081002,0.7068341376228774
305,530330081003,0.7068341376228774
306,530330082001,0.7068341376228774
307,530330082002,0.7068341376228774
308,530330082003,0.7068341376228774
309,530330083001,0.7068341376228774
310,530330083002,0.7068341376228774
311,530330084001,0.7068341376228774
312,530330084002,0.7068341376228774
313,530330084003,0.7068341376228774
314,530330085001,0.7068341376228774
315,530330085002,0.7068341376228774
316,530330085003,0.7068341376228774
317,530330086001,0.7068341376228774
318,530330086002,0.7068341376228774
319,530330086003,0.7068341376228774
320,530330087001,0.7068341376228774
321,530330087002,0.7068341376228774
322,530330087003,0.7068341376228774
323,530330088001,0.7068341376228774
324,530330088002,0.7068341376228774
325,530330088003,0.7068341376228774
326,530330089001,0.7068341376228774
327,530330089002,0.7068341376228774
328,530330089003,0.7068341376228774
329,530330089004,0.7068341376228774
330,530330090001,0.7068341376228774
331,530330090002,0.7068341376228774
332,530330091001,0.7068341376228774
333,530330091002,0.7068341376228774
334,530330092001,0.7068341376228774
335,530330092002,0.7068341376228774
336,530330093001,0.7068341376228774
337,530330093002,0.7068341376228774
338,530330093003,0.7068341376228774
339,530330094001,0.7068341376228774
340,530330094002,0.7068341376228774
341,530330094003,0.7068341376228774
342,530330094004,0.7068341376228774
343,530330094005,0.7068341376228774
344,530330095001,0.7068341376228774
345,530330095002,0.7068341376228774
346,530330095003,0.7068341376228774
347,530330095004,0.7068341376228774
348,530330096001,0.7068341376228774
349,530330096002,0.7068341376228774
350,530330096003,0.7068341376228774
351,530330096004,0.7068341376228774
352,530330096005,0.7068341376228774
353,530330097011,0.7068341376228774
354,530330097012,0.7068341376228774
355,530330097013,0.7068341376228774
356,530330097014,0.7068341376228774
357,530330097021,0.7068341376228774
358,530330097022,0.7068341376228774
359,530330097023,0.7068341376228774
360,530330097024,0.7068341376228774
361,530330097025,0.7068341376228774
362,530330098001,0.7068341376228774
363,530330098002,0.7068341376228774
364,530330098003,0.7068341376228774
365,530330098004,0.7068341376228774
366,530330098005,0.7068341376228774
367,530330099001,0.7068341376228774
368,530330099002,0.7068341376228774
369,530330099003,0.7068341376228774
370,530330099004,0.7068341376228774
371,530330100011,0.7068341376228774
372,530330100012,0.7068341376228774
373,530330100013,0.7068341376228774
374,530330100021,0.7068341376228774
375,530330100022,0.7068341376228774
376,530330100023,0.7068341376228774
377,530330100024,0.7068341376228774
378,530330101001,0.7068341376228774
379,530330101002,0.7068341376228774
380,530330101003,0.7068341376228774
381,530330101004,0.7068341376228774
382,530330101005,0.7068341376228774
383,530330102001,0.7068341376228774
384,530330102002,0.7068341376228774
385,530330102003,0.7068341376228774
386,530330102004,0.7068341376228774
387,530330103001,0.7068341376228774
388,530330103002,0.7068341376228774
389,530330103003,0.7068341376228774
390,530330103004,0.7068341376228774
391,530330103005,0.7068341376228774
392,530330104011,0.7068341376228774
393,530330104012,0.7068341376228774
394,530330104013,0.7068341376228774
395,530330104021,0.7068341376228774
396,530330104022,0.7068341376228774
397,530330104023,0.7068341376228774
398,530330104024,0.7068341376228774
399,530330105001,0.7068341376228774
400,530330105002,0.7068341376228774
401,530330105003,0.7068341376228774
402,530330105004,0.7068341376228774
403,530330105005,0.7068341376228774
404,530330106001,0.7068341376228774
405,530330106002,0.7068341376228774
406,530330106003,0.7068341376228774
407,530330106004,0.7068341376228774
408,530330106005,0.7068341376228774
409,530330106006,0.7068341376228774
410,530330107011,0.7068341376228774
411,530330107012,0.7068341376228774
412,530330107021,0.7068341376228774
413,530330107022,0.7068341376228774
414,530330107023,0.7068341376228774
415,530330108001,0.7068341376228774
416,530330108002,0.7068341376228774
417,530330108003,0.7068341376228774
418,530330109001,0.7068341376228774
419,530330109002,0.7068341376228774
420,530330110011,0.7068341376228774
421,530330110012,0.7068341376228774
422,530330110013,0.7068341376228774
423,530330110021,0.7068341376228774
424,530330110022,0.7068341376228774
425,530330110023,0.7068341376228774
426,530330111011,0.7068341376228774
427,530330111012,0.7068341376228774
428,530330111013,0.7068341376228774
429,530330111014,0.7068341376228774
430,530330111021,0.7068341376228774
431,530330111022,0.7068341376228774
432,530330111023,0.7068341376228774
433,530330111024,0.7068341376228774
434,530330112001,0.7068341376228774
435,530330112002,0.7068341376228774
436,530330112003,0.7068341376228774
437,530330113001,0.7068341376228774
438,530330113002,0.7068341376228774
439,530330113003,0.7068341376228774
440,530330113004,0.7068341376228774
441,530330113005,0.7068341376228774
442,530330114011,0.7068341376228774
443,530330114012,0.7068341376228774
444,530330114013,0.7068341376228774
445,530330114021,0.7068341376228774
446,530330114022,0.7068341376228774
447,530330114023,0.7068341376228774
448,530330115001,0.7068341376228774
449,530330115002,0.7068341376228774
450,530330115003,0.7068341376228774
451,530330116001,0.7068341376228774
452,530330116002,0.7068341376228774
453,530330116003,0.7068341376228774
454,530330116004,0.7068341376228774
455,530330116005,0.7068341376228774
456,530330116006,0.7068341376228774
457,530330117001,0.7068341376228774
458,530330117002,0.7068341376228774
459,530330117003,0.7068341376228774
460,530330117004,0.7068341376228774
461,530330118001,0.7068341376228774
462,530330118002,0.7068341376228774
463,530330118003,0.7068341376228774
464,530330118004,0.7068341376228774
465,530330118005,0.7068341376228774
466,530330118006,0.7068341376228774
467,530330119001,0.7068341376228774
468,530330119002,0.7068341376228774
469,530330119003,0.7068341376228774
470,530330119004,0.7068341376228774
471,530330119005,0.7068341376228774
472,530330120001,0.7068341376228774
473,530330120002,0.7068341376228774
474,530330120003,0.7068341376228774
475,530330121001,0.7068341376228774
476,530330121002,0.7068341376228774
477,530330201001,0.8540305936073058
478,530330201002,0.8540305936073058
479,530330201003,0.8540305936073058
480,530330202001,0.8540305936073058
481,530330202002,0.8540305936073058
482,530330202003,0.8540305936073058
483,530330202004,0.8540305936073058
484,530330202005,0.8540305936073058
485,530330203001,0.8540305936073058
486,530330203002,0.8540305936073058
487,530330203003,0.8540305936073058
488,530330203004,0.8540305936073058
489,530330203005,0.8540305936073058
490,530330204011,0.8540305936073058
491,530330204012,0.8540305936073058
492,530330204013,0.8540305936073058
493,530330204021,0.8540305936073058
494,530330204022,0.8540305936073058
495,530330204023,0.8540305936073058
496,530330204024,0.8540305936073058
497,530330204025,0.8540305936073058
498,530330205001,0.8540305936073058
499,530330205002,0.8540305936073058
500,530330205003,0.8540305936073058
501,530330205004,0.8540305936073058
502,530330205005,0.8540305936073058
503,530330205006,0.8540305936073058
504,530330206001,0.8540305936073058
505,530330206002,0.8540305936073058
506,530330206003,0.8540305936073058
507,530330206004,0.8540305936073058
508,530330207001,0.8540305936073058
509,530330207002,0.8540305936073058
510,530330207003,0.8540305936073058
511,530330208001,0.8540305936073058
512,530330208002,0.8540305936073058
513,530330208003,0.8540305936073058
514,530330208004,0.8540305936073058
515,530330209001,0.8540305936073058
516,530330209002,0.8540305936073058
517,530330209003,0.8540305936073058
518,530330210001,0.8540305936073058
519,530330210002,0.8540305936073058
520,530330210003,0.8540305936073058
521,530330210004,0.8540305936073058
522,530330210005,0.8540305936073058
523,530330211001,0.8540305936073058
524,530330211002,0.8540305936073058
525,530330211003,0.8540305936073058
526,530330211004,0.8540305936073058
527,530330213001,0.8540305936073058
528,530330213002,0.8540305936073058
529,530330213003,0.8540305936073058
530,530330214001,0.8540305936073058
531,530330214002,0.8540305936073058
532,530330214003,0.8540305936073058
533,530330215001,0.8540305936073058
534,530330215002,0.8335827110516736
535,530330215003,0.8294931345405472
536,530330215004,0.8335827110516736
537,530330216001,0.8131348284960414
538,530330216002,0.8131348284960414
539,530330216003,0.8131348284960414
540,530330216004,0.8131348284960414
541,530330217001,0.8131348284960414
542,530330217002,0.8131348284960414
543,530330217003,0.8131348284960414
544,530330217004,0.8131348284960414
545,530330217005,0.8131348284960414
546,530330218021,0.8131348284960414
547,530330218022,0.8131348284960414
548,530330218023,0.8131348284960414
549,530330218031,0.8131348284960414
550,530330218032,0.8131348284960414
551,530330218033,0.8131348284960414
552,530330218034,0.8131348284960414
553,530330218041,0.8131348284960414
554,530330218042,0.8131348284960414
555,530330218043,0.8131348284960414
556,530330219031,0.5250579145611082
557,530330219032,0.5250579145611082
558,530330219033,0.6210835525394193
559,530330219034,0.5250579145611082
560,530330219035,0.5250579145611082
561,530330219041,0.6210835525394193
562,530330219042,0.5250579145611082
563,530330219043,0.5250579145611082
564,530330219044,0.5250579145611082
565,530330219051,0.8131348284960414
566,530330219052,0.6690963715285747
567,530330219053,0.8131348284960414
568,530330219054,0.6690963715285747
569,530330219061,0.8131348284960414
570,530330219062,0.6210835525394193
571,530330219063,0.6210835525394193
572,530330220011,0.6690963715285747
573,530330220012,0.8131348284960414
574,530330220013,0.8131348284960414
575,530330220031,0.5250579145611082
576,530330220032,0.5250579145611082
577,530330220033,0.5250579145611082
578,530330220034,0.5250579145611082
579,530330220035,0.5250579145611082
580,530330220051,0.5250579145611082
581,530330220052,0.5250579145611082
582,530330220053,0.5250579145611082
583,530330220061,0.5250579145611082
584,530330220062,0.5250579145611082
585,530330220063,0.5250579145611082
586,530330221011,0.8131348284960414
587,530330221012,0.8131348284960414
588,530330221013,0.6210835525394193
589,530330221014,0.8131348284960414
590,530330221021,0.6210835525394193
591,530330221022,0.8131348284960414
592,530330221023,0.8131348284960414
593,530330221024,0.8131348284960414
594,530330222011,0.5250579145611082
595,530330222012,0.5250579145611082
596,530330222013,0.5250579145611082
597,530330222014,0.5250579145611082
598,530330222021,0.6210835525394193
599,530330222022,0.5250579145611082
600,530330222023,0.5250579145611082
601,530330222024,0.5250579145611082
602,530330222025,0.5250579145611082
603,530330222031,0.5250579145611082
604,530330222032,0.5250579145611082
605,530330222033,0.5250579145611082
606,530330223001,0.6210835525394193
607,530330223002,0.5250579145611082
608,530330224001,0.5250579145611082
609,530330224002,0.5250579145611082
610,530330224003,0.5250579145611082
611,530330224004,0.5250579145611082
612,530330224005,0.5250579145611082
613,530330224006,0.5250579145611082
614,530330225001,0.5250579145611082
615,530330225002,0.5250579145611082
616,530330225003,0.5250579145611082
617,530330225004,0.5250579145611082
618,530330225005,0.5250579145611082
619,530330226031,0.5250579145611082
620,530330226032,0.5250579145611082
621,530330226033,0.5250579145611082
622,530330226034,0.5250579145611082
623,530330226035,0.5250579145611082
624,530330226041,0.5250579145611082
625,530330226042,0.5250579145611082
626,530330226043,0.5250579145611082
627,530330226051,0.5250579145611082
628,530330226052,0.5250579145611082
629,530330226053,0.5250579145611082
630,530330226061,0.5250579145611082
631,530330226062,0.5250579145611082
632,530330226063,0.5250579145611082
633,530330226064,0.5250579145611082
634,530330227011,0.5250579145611082
635,530330227012,0.6119891332502081
636,530330227021,0.5250579145611082
637,530330227022,0.5250579145611082
638,530330227023,0.5250579145611082
639,530330227031,0.6409662061465746
640,530330227032,0.5250579145611082
641,530330228011,0.6409662061465746
642,530330228012,0.8727827893175075
643,530330228013,0.594602889512388
644,530330228014,0.8727827893175075
645,530330228021,0.5250579145611082
646,530330228022,0.5250579145611082
647,530330228023,0.5250579145611082
648,530330228031,0.5250579145611082
649,530330228032,0.5250579145611082
650,530330228033,0.8727827893175075
651,530330229011,0.8727827893175075
652,530330229012,0.6409662061465746
653,530330229021,0.5250579145611082
654,530330229022,0.5250579145611082
655,530330229023,0.5250579145611082
656,530330229024,0.5747328966691653
657,530330229025,0.8727827893175075
658,530330230001,0.594602889512388
659,530330230002,0.8727827893175075
660,530330230003,0.8727827893175075
661,530330230004,0.8727827893175075
662,530330231001,0.8727827893175075
663,530330231002,0.8727827893175075
664,530330231003,0.6913282260385026
665,530330232011,0.8727827893175075
666,530330232012,0.8727827893175075
667,530330232013,0.8727827893175075
668,530330232021,0.8727827893175075
669,530330232022,0.8727827893175075
670,530330232023,0.8727827893175075
671,530330233001,0.8727827893175075
672,530330233002,0.8727827893175075
673,530330233003,0.8727827893175075
674,530330233004,0.8727827893175075
675,530330234011,0.8727827893175075
676,530330234012,0.8727827893175075
677,530330234013,0.8727827893175075
678,530330234031,0.8575985375158971
679,530330234032,0.8727827893175075
680,530330234033,0.8575985375158971
681,530330234041,0.8424142857142867
682,530330234042,0.8424142857142867
683,530330235001,0.8727827893175075
684,530330235002,0.8727827893175075
685,530330235003,0.8727827893175075
686,530330236011,0.8727827893175075
687,530330236012,0.8727827893175075
688,530330236013,0.8727827893175075
689,530330236031,0.8727827893175075
690,530330236032,0.8727827893175075
691,530330236033,0.8727827893175075
692,530330236034,0.8727827893175075
693,530330236041,0.8727827893175075
694,530330236042,0.8727827893175075
695,530330236043,0.8727827893175075
696,530330236044,0.8727827893175075
697,530330237001,0.8727827893175075
698,530330237002,0.8727827893175075
699,530330237003,0.594602889512388
700,530330238011,0.8727827893175075
701,530330238012,0.8727827893175075
702,530330238031,0.8727827893175075
703,530330238032,0.8727827893175075
704,530330238041,0.8727827893175075
705,530330238042,0.8727827893175075
706,530330238043,0.8727827893175075
707,530330239001,0.8727827893175075
708,530330239002,0.8727827893175075
709,530330239003,0.8913956690688146
710,530330239004,0.8176894944645443
711,530330240001,0.6409662061465746
712,530330240002,0.8727827893175075
713,530330240003,0.8727827893175075
714,530330240004,0.8727827893175076
715,530330241001,0.6989203519393079
716,530330241002,0.8727827893175075
717,530330241003,0.8727827893175075
718,530330241004,0.8727827893175075
719,530330242001,0.8727827893175075
720,530330242002,0.6989203519393079
721,530330243001,0.9286214285714286
722,530330243002,0.9286214285714286
723,530330243003,0.9286214285714286
724,530330243004,0.9286214285714286
725,530330243005,0.9286214285714286
726,530330244001,0.9286214285714286
727,530330244002,0.9286214285714286
728,530330245001,0.9286214285714286
729,530330245002,0.9286214285714286
730,530330245003,0.9286214285714286
731,530330246011,0.9286214285714286
732,530330246012,0.9286214285714286
733,530330246013,0.9286214285714286
734,530330246021,0.9286214285714286
735,530330246022,0.9286214285714286
736,530330246023,0.9286214285714286
737,530330247011,0.8727827893175075
738,530330247012,0.8727827893175075
739,530330247013,0.8727827893175075
740,530330247021,0.7071302325581388
741,530330247022,0.7623477514779283
742,530330247023,0.7071302325581388
743,530330247024,0.8065217666137601
744,530330247025,0.7071302325581388
745,530330248001,0.8575985375158971
746,530330248002,0.8727827893175075
747,530330248003,0.8727827893175075
748,530330249011,0.8727827893175075
749,530330249012,0.8727827893175075
750,530330249013,0.8727827893175075
751,530330249014,0.8727827893175075
752,530330249021,0.8727827893175075
753,530330249022,0.8575985375158971
754,530330249023,0.8575985375158971
755,530330249031,0.8575985375158971
756,530330249032,0.8727827893175075
757,530330249033,0.8575985375158971
758,530330249034,0.8575985375158971
759,530330250011,0.7747722591362127
760,530330250012,0.8074424358633111
761,530330250013,0.817565270397718
762,530330250014,0.8727827893175075
763,530330250031,0.8424142857142867
764,530330250032,0.8424142857142867
765,530330250033,0.8424142857142867
766,530330250034,0.8424142857142867
767,530330250035,0.8424142857142867
768,530330250051,0.8424142857142867
769,530330250052,0.8626599547831005
770,530330250061,0.8424142857142867
771,530330250062,0.8424142857142867
772,530330250063,0.8424142857142867
773,530330251011,0.7071302325581388
774,530330251012,0.7071302325581388
775,530330251013,0.7071302325581388
776,530330251014,0.797319601328904
777,530330251021,0.797319601328904
778,530330251022,0.7071302325581388
779,530330251023,0.797319601328904
780,530330251024,0.7071302325581388
781,530330252001,0.7071302325581388
782,530330252002,0.7071302325581388
783,530330252003,0.7071302325581388
784,530330252004,0.7071302325581388
785,530330252005,0.7071302325581388
786,530330253011,0.7071302325581388
787,530330253012,0.7071302325581388
788,530330253013,0.7071302325581388
789,530330253021,0.7071302325581388
790,530330253022,0.7071302325581388
791,530330253023,0.7071302325581388
792,530330254001,0.7071302325581388
793,530330254002,0.7071302325581388
794,530330254003,0.7071302325581388
795,530330254004,0.7071302325581388
796,530330255001,0.7071302325581388
797,530330255002,0.7071302325581388
798,530330255003,0.7071302325581388
799,530330256011,0.7071302325581388
800,530330256012,0.7071302325581388
801,530330256013,0.7071302325581388
802,530330256021,0.7071302325581388
803,530330256022,0.7990558855098385
804,530330256023,0.7747722591362127
805,530330257011,0.7071302325581388
806,530330257012,0.7071302325581388
807,530330257013,0.7071302325581388
808,530330257014,0.7071302325581388
809,530330257015,0.7071302325581388
810,530330257021,0.7098598432093898
811,530330257022,0.7098598432093898
812,530330257023,0.7071302325581388
813,530330258031,0.7071302325581388
814,530330258032,0.7071302325581388
815,530330258033,0.7071302325581388
816,530330258041,0.7071302325581388
817,530330258042,0.7071302325581388
818,530330258043,0.7071302325581388
819,530330258051,0.7071302325581388
820,530330258052,0.7071302325581388
821,530330258053,0.7071302325581388
822,530330258061,0.7071302325581388
823,530330258062,0.7071302325581388
824,530330258063,0.7071302325581388
825,530330260011,0.706982185090508
826,530330260012,0.7071302325581388
827,530330260013,0.7071302325581388
828,530330260014,0.7071302325581388
829,530330260015,0.7071302325581388
830,530330260021,0.7071302325581388
831,530330260022,0.7071302325581388
832,530330260023,0.7071302325581388
833,530330260024,0.7071302325581388
834,530330261001,0.7071302325581388
835,530330261002,0.7071302325581388
836,530330261003,0.7071302325581388
837,530330261004,0.6958283742168412
838,530330261005,0.7071302325581388
839,530330262001,0.674478105254764
840,530330262002,0.6732246575342462
841,530330262003,0.6732246575342462
842,530330262004,0.6732246575342462
843,530330263001,0.6956309775933337
844,530330263002,0.6732246575342462
845,530330264001,0.6536558618411918
846,530330264002,0.6116807460890502
847,530330264003,0.6433985432669926
848,530330264004,0.6592574418559638
849,530330264005,0.675116340444935
850,530330265001,0.6592574418559638
851,530330265002,0.6116807460890502
852,530330265003,0.6116807460890502
853,530330266001,0.6116807460890502
854,530330266002,0.6116807460890502
855,530330267001,0.6116807460890502
856,530330267002,0.6116807460890502
857,530330267003,0.6116807460890502
858,530330267004,0.6116807460890502
859,530330268011,0.6116807460890502
860,530330268012,0.6116807460890502
861,530330268013,0.6116807460890502
862,530330268014,0.6116807460890502
863,530330268021,0.6116807460890502
864,530330268022,0.6116807460890502
865,530330268023,0.6116807460890502
866,530330268024,0.6116807460890502
867,530330270001,0.6116807460890502
868,530330270002,0.6116807460890502
869,530330270003,0.6116807460890502
870,530330271001,0.6527100203858475
871,530330271002,0.6116807460890502
872,530330272001,0.6732246575342462
873,530330272002,0.6732246575342462
874,530330273001,0.6732246575342462
875,530330273002,0.6732246575342462
876,530330273003,0.6116807460890502
877,530330273004,0.6116807460890502
878,530330274001,0.6116807460890502
879,530330274002,0.6116807460890502
880,530330274003,0.6116807460890502
881,530330274004,0.6116807460890502
882,530330275001,0.6116807460890502
883,530330275002,0.6116807460890502
884,530330275003,0.6116807460890502
885,530330275004,0.6116807460890502
886,530330276001,0.6116807460890502
887,530330276002,0.6116807460890502
888,530330276003,0.6116807460890502
889,530330277011,0.92037125
890,530330277012,0.92037125
891,530330277013,0.92037125
892,530330277014,0.92037125
893,530330277015,0.92037125
894,530330277021,0.92037125
895,530330277022,0.92037125
896,530330277023,0.92037125
897,530330277024,0.92037125
898,530330278001,0.6116807460890502
899,530330278002,0.6116807460890502
900,530330278003,0.6116807460890502
901,530330279001,0.6116807460890502
902,530330279002,0.6116807460890502
903,530330279003,0.6116807460890502
904,530330279004,0.6116807460890502
905,530330279005,0.6116807460890502
906,530330279006,0.6116807460890502
907,530330280001,0.6116807460890502
908,530330280002,0.6116807460890502
909,530330280003,0.6116807460890502
910,530330281001,0.6424527018116482
911,530330281002,0.6424527018116482
912,530330282001,0.6424527018116482
913,530330282002,0.6424527018116482
914,530330282003,0.6732246575342462
915,530330283001,0.6116807460890502
916,530330283002,0.6424527018116482
917,530330283003,0.6771334775026099
918,530330284021,0.6116807460890502
919,530330284022,0.6116807460890502
920,530330284023,0.6116807460890502
921,530330284024,0.6321953832374488
922,530330284031,0.6116807460890502
923,530330284032,0.6116807460890502
924,530330284033,0.6116807460890502
925,530330285001,0.6116807460890502
926,530330285002,0.6116807460890502
927,530330285003,0.6116807460890502
928,530330286001,0.6116807460890502
929,530330286002,0.6116807460890502
930,530330286003,0.6116807460890502
931,530330286004,0.6116807460890502
932,530330286005,0.6116807460890502
933,530330286006,0.6116807460890502
934,530330287001,0.6116807460890502
935,530330287002,0.6116807460890502
936,530330287003,0.6116807460890502
937,530330287004,0.6116807460890502
938,530330288011,0.6116807460890502
939,530330288012,0.6116807460890502
940,530330288013,0.6116807460890502
941,530330288021,0.6116807460890502
942,530330288022,0.6594054893235946
943,530330288023,0.6116807460890502
944,530330288024,0.6116807460890502
945,530330289011,0.6116807460890502
946,530330289012,0.6116807460890502
947,530330289013,0.6116807460890502
948,530330289014,0.6116807460890502
949,530330289021,0.6116807460890502
950,530330289022,0.6116807460890502
951,530330289023,0.6678995565668601
952,530330289024,0.6116807460890502
953,530330289025,0.6116807460890502
954,530330290011,0.6116807460890502
955,530330290012,0.6116807460890502
956,530330290013,0.6455546079199699
957,530330290014,0.6116807460890502
958,530330290031,0.6116807460890502
959,530330290032,0.6116807460890502
960,530330290033,0.6794284697508896
961,530330290034,0.6116807460890502
962,530330290035,0.6116807460890502
963,530330290041,0.6455546079199699
964,530330290042,0.6794284697508896
965,530330291011,0.6678995565668601
966,530330291012,0.7125894538606408
967,530330291021,0.6794284697508896
968,530330291022,0.6794284697508896
969,530330291023,0.6960089618057652
970,530330292031,0.7125894538606408
971,530330292032,0.7125894538606408
972,530330292041,0.7125894538606408
973,530330292042,0.7125894538606408
974,530330292043,0.7125894538606408
975,530330292044,0.7125894538606408
976,530330292051,0.7125894538606408
977,530330292052,0.7125894538606408
978,530330292053,0.7125894538606408
979,530330292061,0.7098598432093898
980,530330292062,0.7125894538606408
981,530330292063,0.7125894538606408
982,530330293031,0.7071302325581388
983,530330293032,0.7071302325581388
984,530330293033,0.7071302325581388
985,530330293034,0.7071302325581388
986,530330293035,0.7071302325581388
987,530330293041,0.7098598432093898
988,530330293042,0.7125894538606408
989,530330293043,0.7098598432093898
990,530330293044,0.7125894538606408
991,530330293051,0.7125894538606408
992,530330293052,0.7125894538606408
993,530330293053,0.7125894538606408
994,530330293054,0.7125894538606408
995,530330293061,0.7125894538606408
996,530330293062,0.7125894538606408
997,530330293071,0.7125894538606408
998,530330293072,0.7125894538606408
999,530330293073,0.7125894538606408
1000,530330294031,0.7125894538606408
1001,530330294032,0.7125894538606408
1002,530330294033,0.7125894538606408
1003,530330294051,0.7125894538606408
1004,530330294052,0.7125894538606408
1005,530330294053,0.7125894538606408
1006,530330294054,0.7125894538606408
1007,530330294055,0.7125894538606408
1008,530330294061,0.7125894538606408
1009,530330294062,0.7125894538606408
1010,530330294071,0.7125894538606408
1011,530330294072,0.7125894538606408
1012,530330294073,0.7125894538606408
1013,530330294081,0.7125894538606408
1014,530330294082,0.7125894538606408
1015,530330294083,0.7125894538606408
1016,530330295021,0.7125894538606408
1017,530330295022,0.7125894538606408
1018,530330295023,0.7125894538606408
1019,530330295024,0.7125894538606408
1020,530330295031,0.7125894538606408
1021,530330295032,0.7125894538606408
1022,530330295033,0.7125894538606408
1023,530330295034,0.7125894538606408
1024,530330295035,0.7125894538606408
1025,530330295041,0.7125894538606408
1026,530330295042,0.7125894538606408
1027,530330295043,0.7125894538606408
1028,530330296011,0.7125894538606408
1029,530330296012,0.7125894538606408
1030,530330296013,0.7125894538606408
1031,530330296014,0.7125894538606408
1032,530330296015,0.7125894538606408
1033,530330296021,0.7101645461998228
1034,530330296022,0.7089520923694139
1035,530330296023,0.7101645461998228
1036,530330297001,0.7125894538606408
1037,530330297002,0.71113450926415
1038,530330297003,0.7125894538606408
1039,530330297004,0.7125894538606408
1040,530330297005,0.7125894538606408
1041,530330298011,0.6794284697508896
1042,530330298012,0.6960089618057652
1043,530330298013,0.6904821311208066
1044,530330298014,0.6794284697508896
1045,530330298015,0.7125894538606408
1046,530330298021,0.6794284697508896
1047,530330298022,0.6794284697508896
1048,530330298023,0.6794284697508896
1049,530330298024,0.6794284697508896
1050,530330298025,0.6794284697508896
1051,530330298026,0.6960089618057652
1052,530330299011,0.6923716003145381
1053,530330299012,0.684605721976349
1054,530330299013,0.6794284697508896
1055,530330299021,0.6794284697508896
1056,530330299022,0.7053147308781869
1057,530330299023,0.6923716003145381
1058,530330300031,0.6794284697508896
1059,530330300032,0.6794284697508896
1060,530330300033,0.6794284697508896
1061,530330300034,0.6794284697508896
1062,530330300035,0.6794284697508896
1063,530330300041,0.6794284697508896
1064,530330300042,0.6794284697508896
1065,530330300043,0.6794284697508896
1066,530330300044,0.6794284697508896
1067,530330300045,0.6794284697508896
1068,530330300046,0.6794284697508896
1069,530330300051,0.6794284697508896
1070,530330300052,0.6794284697508896
1071,530330300053,0.6794284697508896
1072,530330300061,0.6794284697508896
1073,530330300062,0.6794284697508896
1074,530330301001,0.6794284697508896
1075,530330301002,0.6794284697508896
1076,530330301003,0.6794284697508896
1077,530330301004,0.6794284697508896
1078,530330301005,0.6794284697508896
1079,530330301006,0.6794284697508896
1080,530330301007,0.6794284697508896
1081,530330302011,0.6794284697508896
1082,530330302012,0.6794284697508896
1083,530330302013,0.6794284697508896
1084,530330302014,0.6794284697508896
1085,530330302021,0.6794284697508896
1086,530330302022,0.6794284697508896
1087,530330302023,0.6794284697508896
1088,530330302024,0.6794284697508896
1089,530330302025,0.6794284697508896
1090,530330303041,0.6794284697508896
1091,530330303042,0.6794284697508896
1092,530330303051,0.6794284697508896
1093,530330303052,0.6794284697508896
1094,530330303053,0.6794284697508896
1095,530330303061,0.6794284697508896
1096,530330303062,0.6794284697508896
1097,530330303063,0.6794284697508896
1098,530330303064,0.6794284697508896
1099,530330303081,0.6794284697508896
1100,530330303082,0.6794284697508896
1101,530330303083,0.6794284697508896
1102,530330303084,0.6794284697508896
1103,530330303091,0.6794284697508896
1104,530330303092,0.6794284697508896
1105,530330303093,0.6794284697508896
1106,530330303094,0.6794284697508896
1107,530330303101,0.6794284697508896
1108,530330303102,0.6794284697508896
1109,530330303103,0.6794284697508896
1110,530330303104,0.6794284697508896
1111,530330303111,0.6794284697508896
1112,530330303112,0.6794284697508896
1113,530330303113,0.6794284697508896
1114,530330303114,0.6794284697508896
1115,530330303121,0.6794284697508896
1116,530330303122,0.6794284697508896
1117,530330303123,0.6794284697508896
1118,530330303124,0.6794284697508896
1119,530330303131,0.6794284697508896
1120,530330303132,0.6794284697508896
1121,530330303141,0.6794284697508896
1122,530330303142,0.6794284697508896
1123,530330303143,0.6794284697508896
1124,530330304011,0.6859000350327138
1125,530330304012,0.6880572234599885
1126,530330304013,0.6794284697508896
1127,530330304014,0.6794284697508896
1128,530330304015,0.6794284697508896
1129,530330304031,0.6794284697508896
1130,530330304032,0.6794284697508896
1131,530330304033,0.6794284697508896
1132,530330304041,0.6794284697508896
1133,530330304042,0.6794284697508896
1134,530330304043,0.6923716003145381
1135,530330305011,0.7089520923694138
1136,530330305012,0.7053147308781869
1137,530330305031,0.7053147308781869
1138,530330305032,0.7089520923694138
1139,530330305041,0.7053147308781869
1140,530330305042,0.7053147308781869
1141,530330305043,0.7053147308781869
1142,530330305044,0.7053147308781869
1143,530330306001,0.7053147308781869
1144,530330306002,0.7053147308781869
1145,530330306003,0.7053147308781869
1146,530330306004,0.7053147308781869
1147,530330307001,0.7053147308781869
1148,530330307002,0.7053147308781869
1149,530330307003,0.7053147308781869
1150,530330308011,0.7053147308781869
1151,530330308012,0.7053147308781869
1152,530330308013,0.7053147308781869
1153,530330308021,0.7053147308781869
1154,530330308022,0.7053147308781869
1155,530330308023,0.7053147308781869
1156,530330309011,0.7053147308781869
1157,530330309012,0.7053147308781869
1158,530330309021,0.7053147308781869
1159,530330309022,0.7053147308781869
1160,530330309023,0.7053147308781869
1161,530330310001,0.7053147308781869
1162,530330310002,0.7053147308781869
1163,530330311001,0.7053147308781869
1164,530330311002,0.7053147308781869
1165,530330311003,0.7053147308781869
1166,530330311004,0.7053147308781869
1167,530330311005,0.7053147308781869
1168,530330312021,0.7705261154390932
1169,530330312022,0.7053147308781869
1170,530330312023,0.7705261154390932
1171,530330312024,0.7705261154390932
1172,530330312025,0.7487889872521244
1173,530330312041,0.7089520923694139
1174,530330312042,0.7053147308781869
1175,530330312043,0.7077396385390049
1176,530330312044,0.7089520923694138
1177,530330312045,0.7053147308781869
1178,530330312051,0.7089520923694138
1179,530330312052,0.7053147308781869
1180,530330312053,0.7053147308781869
1181,530330312061,0.7053147308781869
1182,530330312062,0.7053147308781869
1183,530330312063,0.7053147308781869
1184,530330313011,0.8357374999999997
1185,530330313012,0.8357374999999997
1186,530330313021,0.8357374999999997
1187,530330313022,0.8357374999999997
1188,530330313023,0.8357374999999997
1189,530330313024,0.8357374999999997
1190,530330314001,0.8357374999999997
1191,530330314002,0.8357374999999997
1192,530330314003,0.8357374999999997
1193,530330314004,0.8357374999999997
1194,530330314005,0.8357374999999997
1195,530330315011,0.863359519230769
1196,530330315012,0.863359519230769
1197,530330315013,0.8357374999999997
1198,530330315021,0.8472828636172743
1199,530330315022,0.8357374999999997
1200,530330315023,0.8357374999999997
1201,530330316011,0.7125894538606408
1202,530330316012,0.7089520923694138
1203,530330316013,0.7089520923694138
1204,530330316031,0.863359519230769
1205,530330316032,0.863359519230769
1206,530330316033,0.7512138949129424
1207,530330316034,0.8909815384615383
1208,530330316041,0.8909815384615383
1209,530330316042,0.8909815384615383
1210,530330316043,0.8909815384615383
1211,530330316051,0.8131028307740596
1212,530330316052,0.7512138949129424
1213,530330316053,0.8131028307740596
1214,530330317031,0.7125894538606408
1215,530330317032,0.7125894538606408
1216,530330317033,0.7125894538606408
1217,530330317034,0.7125894538606408
1218,530330317035,0.7125894538606408
1219,530330317041,0.7125894538606408
1220,530330317042,0.7125894538606408
1221,530330317043,0.7125894538606408
1222,530330317051,0.7125894538606408
1223,530330317052,0.7125894538606408
1224,530330317053,0.7125894538606408
1225,530330317061,0.7125894538606408
1226,530330317062,0.7125894538606408
1227,530330317063,0.7125894538606408
1228,530330317064,0.7125894538606408
1229,530330318001,0.7125894538606408
1230,530330318002,0.7720534820609398
1231,530330318003,0.8017854961610895
1232,530330319031,0.797319601328904
1233,530330319032,0.8424142857142867
1234,530330319033,0.8424142857142867
1235,530330319034,0.8347843761819578
1236,530330319035,0.8424142857142867
1237,530330319041,0.8586033699633706
1238,530330319042,0.8424142857142867
1239,530330319043,0.8666979120879125
1240,530330319061,0.7544578643596143
1241,530330319062,0.8017854961610895
1242,530330319071,0.7125894538606408
1243,530330319072,0.7089499729923062
1244,530330319073,0.7544578643596143
1245,530330319074,0.7125894538606408
1246,530330319075,0.7125894538606408
1247,530330319081,0.7125894538606408
1248,530330319082,0.7125894538606408
1249,530330319083,0.7125894538606408
1250,530330319091,0.7125894538606408
1251,530330319092,0.7125894538606408
1252,530330320021,0.8666979120879125
1253,530330320022,0.8666979120879125
1254,530330320031,0.8909815384615383
1255,530330320032,0.8666979120879125
1256,530330320033,0.8909815384615383
1257,530330320034,0.8422253463813258
1258,530330320051,0.8017854961610895
1259,530330320052,0.7125894538606408
1260,530330320053,0.7125894538606408
1261,530330320054,0.7125894538606408
1262,530330320055,0.7125894538606408
1263,530330320056,0.7125894538606408
1264,530330320061,0.7720534820609398
1265,530330320062,0.8017854961610895
1266,530330320063,0.7125894538606408
1267,530330320071,0.8909815384615383
1268,530330320072,0.8017854961610895
1269,530330320073,0.8909815384615383
1270,530330320081,0.8909815384615383
1271,530330320082,0.8909815384615383
1272,530330320083,0.8909815384615383
1273,530330320101,0.8909815384615383
1274,530330320102,0.8909815384615383
1275,530330320103,0.8909815384615383
1276,530330320104,0.8909815384615383
1277,530330320111,0.8909815384615383
1278,530330320112,0.8909815384615383
1279,530330321021,0.8424142857142867
1280,530330321022,0.8435229156575911
1281,530330321023,0.8424142857142867
1282,530330321024,0.8424142857142867
1283,530330321031,0.8424142857142867
1284,530330321032,0.8424142857142867
1285,530330321033,0.8424142857142867
1286,530330321034,0.8424142857142867
1287,530330321041,0.8424142857142867
1288,530330321042,0.8424142857142867
1289,530330321043,0.8424142857142867
1290,530330322031,0.5250579145611082
1291,530330322032,0.6308433716121676
1292,530330322033,0.6308433716121676
1293,530330322034,0.5250579145611082
1294,530330322071,0.8424142857142867
1295,530330322072,0.8424142857142867
1296,530330322073,0.8424142857142867
1297,530330322081,0.8424142857142867
1298,530330322082,0.8424142857142867
1299,530330322083,0.8424142857142867
1300,530330322084,0.8424142857142867
1301,530330322085,0.8424142857142867
1302,530330322101,0.7966186078252961
1303,530330322102,0.7966186078252961
1304,530330322103,0.8424142857142867
1305,530330322111,0.8424142857142867
1306,530330322112,0.8424142857142867
1307,530330322113,0.8424142857142867
1308,530330322121,0.8424142857142867
1309,530330322122,0.8424142857142867
1310,530330322123,0.8424142857142867
1311,530330322124,0.8424142857142867
1312,530330322131,0.8424142857142867
1313,530330322132,0.8424142857142867
1314,530330322133,0.8424142857142867
1315,530330322141,0.5250579145611082
1316,530330322142,0.6308433716121676
1317,530330322143,0.8424142857142867
1318,530330322151,0.6479833085156158
1319,530330322152,0.6348988291187615
1320,530330323071,0.8131348284960414
1321,530330323072,0.8131348284960414
1322,530330323073,0.8131348284960414
1323,530330323074,0.8131348284960414
1324,530330323075,0.8131348284960414
1325,530330323091,0.5250579145611082
1326,530330323092,0.5250579145611082
1327,530330323093,0.5250579145611082
1328,530330323111,0.825975803509766
1329,530330323112,0.8131348284960414
1330,530330323113,0.8131348284960414
1331,530330323114,0.6210835525394193
1332,530330323115,0.7081768429330477
1333,530330323131,0.5250579145611082
1334,530330323132,0.5250579145611082
1335,530330323133,0.5250579145611082
1336,530330323134,0.5250579145611082
1337,530330323151,0.6819373465422993
1338,530330323152,0.794819854229898
1339,530330323153,0.6599388843955031
1340,530330323161,0.5250579145611082
1341,530330323162,0.5250579145611082
1342,530330323163,0.5250579145611082
1343,530330323164,0.5250579145611082
1344,530330323171,0.5250579145611082
1345,530330323172,0.5250579145611082
1346,530330323173,0.5250579145611082
1347,530330323174,0.5250579145611082
1348,530330323175,0.5250579145611082
1349,530330323181,0.5702109176361476
1350,530330323182,0.5250579145611082
1351,530330323183,0.5250579145611082
1352,530330323184,0.5250579145611082
1353,530330323191,0.8131348284960414
1354,530330323192,0.8131348284960414
1355,530330323193,0.8131348284960414
1356,530330323194,0.8131348284960414
1357,530330323201,0.8131348284960414
1358,530330323202,0.8131348284960414
1359,530330323203,0.8131348284960414
1360,530330323211,0.6210835525394193
1361,530330323212,0.6210835525394193
1362,530330323213,0.6210835525394193
1363,530330323214,0.5250579145611082
1364,530330323221,0.6210835525394193
1365,530330323222,0.8131348284960414
1366,530330323223,0.8131348284960414
1367,530330323231,0.5250579145611082
1368,530330323232,0.5250579145611082
1369,530330323233,0.5250579145611082
1370,530330323234,0.5250579145611082
1371,530330323241,0.5250579145611082
1372,530330323242,0.5250579145611082
1373,530330323243,0.5250579145611082
1374,530330323244,0.5250579145611082
1375,530330323251,0.5250579145611082
1376,530330323252,0.5250579145611082
1377,530330323253,0.5250579145611082
1378,530330323261,0.6210835525394193
1379,530330323262,0.5250579145611082
1380,530330323263,0.6210835525394193
1381,530330323271,0.629644202548569
1382,530330323272,0.5250579145611082
1383,530330323281,0.5250579145611082
1384,530330323282,0.5250579145611082
1385,530330323283,0.5250579145611082
1386,530330323291,0.5250579145611082
1387,530330323292,0.6296442025485689
1388,530330324011,0.8388167785234905
1389,530330324012,0.8388167785234905
1390,530330324013,0.8388167785234905
1391,530330324014,0.8388167785234905
1392,530330324021,0.8388167785234905
1393,530330324022,0.8388167785234905
1394,530330324023,0.8388167785234905
1395,530330324024,0.8388167785234905
1396,530330325001,0.8388167785234905
1397,530330325002,0.8094854956610954
1398,530330325003,0.8388167785234905
1399,530330325004,0.8388167785234905
1400,530330326011,0.7508229299363055
1401,530330326012,0.7801542127987005
1402,530330326021,0.7508229299363055
1403,530330326022,0.7508229299363055
1404,530330326023,0.7966186078252961
1405,530330326024,0.7508229299363055
1406,530330327021,0.7508229299363055
1407,530330327022,0.8280729180373768
1408,530330327023,0.7508229299363055
1409,530330327024,0.7508229299363055
1410,530330327025,0.6631979713784091
1411,530330327026,0.7508229299363055
1412,530330327031,0.7508229299363055
1413,530330327032,0.7508229299363055
1414,530330327041,0.7508229299363055
1415,530330327042,0.7508229299363055
1416,530330327043,0.7508229299363055
1417,530330327044,0.7508229299363055
1418,530330328001,0.7801542127987005
1419,530330328002,0.2502743099787685
1420,530330328003,0.4856912973966573
1421,530339901000,0.7306709905265288
